SourceName,Service
cruisersforum.com,CashBeet
theroyalforums.com,CashBeet
collegewins.com,CoinHive
divaneghtesad.ir,CoinHive
exploreindia.in,CoinHive
file2hd.com,CoinHive
hyweb.de,CoinHive
jgigroup.com,CoinHive
jhwqdpyo.bid,CoinHive
linegig.com,CoinHive
night-shop.be,CoinHive
startupbnb.com,CoinHive
tomadivx.org,CoinHive
tomadivx.tv,CoinHive
uniknya.com,CoinHive
wolfsdungeon.com,CoinHive
nutricia.ie,CashBeet
bagoos.id,_hash_cn
ivaw.org,_hash_cn
www2016.net,_hash_cn
4shworld.com,CashBeet
chapchap.ru,Ledhenone
cityhunter-movie.com,Ledhenone
keruyun.com,Ledhenone
makataka.ru,Ledhenone
superload.me,Ledhenone
topfilmonline.ru,Ledhenone
4shworld.com,CryptoLoot
ahoypirate.in,CryptoLoot
ahoypiratebaai.eu,CryptoLoot
airproxybay.art,CryptoLoot
airproxyboat.in,CryptoLoot
airproxyunblocked.org,CryptoLoot
alandmoore.com,CryptoLoot
baypirateproxy.org,CryptoLoot
bayunblocked.eu,CryptoLoot
blueproxy.blue,CryptoLoot
bokepnonton.com,CryptoLoot
ccccd.edu,CryptoLoot
coitustube.com,CryptoLoot
denikom.ru,CryptoLoot
duckingproxy.eu,CryptoLoot
fashionland.dk,CryptoLoot
filmovix.net,CryptoLoot
filmovix.org,CryptoLoot
freeproxy.rocks,CryptoLoot
gceguide.xyz,CryptoLoot
gotorrent.ga,CryptoLoot
happyjav.com,CryptoLoot
indiapirate.com,CryptoLoot
ingestructurasdeoccidente.com,CryptoLoot
intersportv5.com,CryptoLoot
irjponline.com,CryptoLoot
jabonline.in,CryptoLoot
jav100.com,CryptoLoot
maturskiradovi.net,CryptoLoot
myrosmol.ru,CryptoLoot
newdesix.com,CryptoLoot
noobnoob.rocks,CryptoLoot
northeastlivetv.com,CryptoLoot
olozmp3.me,CryptoLoot
ongrace.com,CryptoLoot
opentown.org,CryptoLoot
pebx.pl,CryptoLoot
pezeshk.us,CryptoLoot
pietpiraat.org,CryptoLoot
pirata.pw,CryptoLoot
piratbaypirate.link,CryptoLoot
pirate.tel,CryptoLoot
pirate.trade,CryptoLoot
piratebay.nz,CryptoLoot
piratebay.tel,CryptoLoot
piratebay.town,CryptoLoot
piratebay247.net,CryptoLoot
piratebayproxy.tf,CryptoLoot
piratebays.be,CryptoLoot
piratepirate.in,CryptoLoot
piratepiratepirate.org,CryptoLoot
pirateprox.club,CryptoLoot
pirateproxy.tf,CryptoLoot
pirateproxy.yt,CryptoLoot
piratesbay.fi,CryptoLoot
programma-pereseleniya.com,CryptoLoot
proxyfl.info,CryptoLoot
proxyindia.net,CryptoLoot
proxyproxyproxy.net,CryptoLoot
proxyship.click,CryptoLoot
ringside24.com,CryptoLoot
rostobr.ru,CryptoLoot
santeria.fr,CryptoLoot
seminarski-diplomskico.rs,CryptoLoot
sn-video.com,CryptoLoot
ssccglpinnacle.com,CryptoLoot
swtorstrategies.com,CryptoLoot
taluria.com,CryptoLoot
tedigocomosehace.com,CryptoLoot
thepirate.xyz,CryptoLoot
thepiratebay.bet,CryptoLoot
thepiratebay.blue,CryptoLoot
thepiratebay.kiwi,CryptoLoot
thepiratebay.org,CryptoLoot
thepiratebay.pet,CryptoLoot
thepiratebay.se.net,CryptoLoot
thepiratebay.tel,CryptoLoot
thepiratebayproxy.in,CryptoLoot
thisjav.com,CryptoLoot
tpb.tw,CryptoLoot
tpbproxyone.org,CryptoLoot
tpbunblock.net,CryptoLoot
uktpb.net,CryptoLoot
unblocktheship.org,CryptoLoot
unblocktpb.org,CryptoLoot
urbanproxy.eu,CryptoLoot
uyeshare.com,CryptoLoot
wakatime.com,CryptoLoot
wearepirates.click,CryptoLoot
yallanzaker.net,CryptoLoot
t-pageant.com,CashBeet
aslaquariums.com,DeepMiner
seriesf.lv,DeepMiner
sgdati.com,DeepMiner
theartistlounge.net,DeepMiner
vertuspeliculas.com,DeepMiner
yapelis.xyz,DeepMiner
jamsai.com,DeepMiner
123movie.pl,OMine
300mbfilms.co,OMine
300mbfilms.org,OMine
7torrents.pro,OMine
7tors.com,OMine
92148.com,OMine
afo2.net,OMine
allorostov.ru,OMine
androidlearn1.rozblog.com,OMine
arabxnx.com,OMine
ass-time.com,OMine
auschwitz.dk,OMine
avaton.com.ua,OMine
banglalive.com,OMine
benimevim.org,OMine
betabound.com,OMine
beyazfilmseyret.org,OMine
bitcoin.co.ua,OMine
bridgat.com,OMine
brightkite.com,OMine
btstors.com,OMine
byakuyachakal.blogspot.com,OMine
caribbean360.com,OMine
carrod.mx,OMine
cattime.com,OMine
cerita21.info,OMine
chrisevans3d.com,OMine
cilizhu6.com,OMine
cinecalidad.is,OMine
cinecalidad.to,OMine
cinecalidad.top,OMine
cinemaqualidade.to,OMine
citibusinessnews.com,OMine
citifmonline.com,OMine
clickltc.com,OMine
dallashoisington.tumblr.com,OMine
delapubenbarre.com,OMine
dinehiran.ir,OMine
doctorsblog2017.blogspot.com,OMine
educationexpo.tv,OMine
elliniki-aoz.blogspot.com,OMine
expertblogz.com,OMine
facturas.ws,OMine
faucet.newcripto.ru,OMine
fflgundealers.net,OMine
fivebooks.com,OMine
folhavitoria.com.br,OMine
freedashclick.com,OMine
gerasimos-politis.blogspot.com,OMine
gomovie123.me,OMine
guiafloripa.com.br,OMine
idope.ch,OMine
idope.tv,OMine
ilreporter.it,OMine
informationhospitaliere.com,OMine
inutile-indispensable.com,OMine
jabster28.github.io,OMine
jaimelacrypto.com,OMine
jaimepaseth.com,OMine
jeveuxunepub.com,OMine
journalcra.com,OMine
jp.58i.net,OMine
justhodl.blogspot.com,OMine
kavc.or.jp,OMine
legrandreveil.wordpress.com,OMine
lemonim.com,OMine
menchats.com,OMine
metalica.com.br,OMine
moncpuachaud.com,OMine
mrlawyer.ir,OMine
myjob.uz,OMine
namsodebit.co,OMine
new-films.biz,OMine
obzor-investproekt.ru__ferm__ff-original,OMine
okmagazine.ge,OMine
panda-money.ru,OMine
pediatology.com,OMine
pencurimovie.info,OMine
perfitworld.com,OMine
perryhomesutah.com,OMine
prisonpath.com,OMine
rajeev.in,OMine
rajshri.com,OMine
rentabomb.com.au,OMine
repost.net.ua,OMine
sahara.in,OMine
sharing-is-caring.info,OMine
shingeki-no-kyojin-fans.blogspot.com,OMine
shitbrix.com,OMine
smovies.pw,OMine
sphere-tv.com,OMine
spinbot.net,OMine
spoiler.xyz,OMine
spoofed.xyz,OMine
sportacents.com,OMine
spreadsheet.xyz,OMine
suedamerika-reiseportal.de,OMine
szukaj-lektora.pl,OMine
telegraf.by,OMine
tenies.net,OMine
thankyou.ru,OMine
theme-wordpress.ir,OMine
themepress-blogfa.com,OMine
treasurebits.net,OMine
twofactorauth.org,OMine
unepubdanslagueule.com,OMine
unepubsvp.com,OMine
update-your-pc.info,OMine
uptaraneh.ir,OMine
virtualporn360.com,OMine
vivelespubs.com,OMine
vsisumy.com,OMine
welovetennis.fr,OMine
wp-monero-miner.com,OMine
www.300mbfilms.co,OMine
www.gym-way.gr,OMine
www.sitedabrasil.com.br,OMine
www.wp-monero-miner.com,OMine
znet.hr,OMine
arab-new.ru,CoinHive
bereg4u.ru,CoinHive
bonuswm.org,CoinHive
borjomi-food.ru,CoinHive
browsermine.com,CoinHive
fantastikmakosh.ru,CoinHive
galinaslyadneva.blogspot.com,CoinHive
hascoding.com,CoinHive
historygel.blogspot.com,CoinHive
informatik.az,CoinHive
lianoraswiss.org,CoinHive
lifeklyb.ru,CoinHive
metoduchna-palitra.blogspot.com,CoinHive
natalyadivuha.blogspot.com,CoinHive
rmo3klass.ucoz.ua,CoinHive
shmedu.at.ua,CoinHive
tamilasto.blogspot.com,CoinHive
unenizh.org.ua,CoinHive
kulfikumar.com,CashBeet
haasil.net,CashBeet
naagintv.com,CashBeet
advtime.tv,_hash_cn
areahentai51.blogspot.com,_hash_cn
babzman.com,_hash_cn
canliligtvseyret.net,_hash_cn
darkfetishnet.com,_hash_cn
dbegmoreprimary.org,_hash_cn
ddlfr.pw,_hash_cn
dzairfoot.tv,_hash_cn
eztv.red,_hash_cn
indr.in,_hash_cn
legendofkorra.tv,_hash_cn
ligtvcanliseyret.net,_hash_cn
replaytvstreaming.com,_hash_cn
watchdigimonepisodes.com,_hash_cn
yakastream.com,_hash_cn
legendaoficial.net,CryptoLoot
advtime.tv,_hash_cn
aljazair1.com,_hash_cn
alltube.pl,_hash_cn
ankurrathi.com,_hash_cn
areahentai51.blogspot.com,_hash_cn
bongda72.com,_hash_cn
canliligtvseyret.net,_hash_cn
ddlfr.pw,_hash_cn
indr.in,_hash_cn
legendofkorra.tv,_hash_cn
nimmsie.com,_hash_cn
replaytvstreaming.com,_hash_cn
szukajka.tv,_hash_cn
tuseriehd.com,_hash_cn
virtualporn360.com,_hash_cn
watchdigimonepisodes.com,_hash_cn
yakastream.com,_hash_cn
ahoypirate.in,CryptoLoot
airproxybay.art,CryptoLoot
baypirateproxy.org,CryptoLoot
blueproxy.blue,CryptoLoot
denikom.ru,CryptoLoot
drive420.com,CryptoLoot
fastpirate.link,CryptoLoot
filmovix.net,CryptoLoot
freeproxy.rocks,CryptoLoot
gameofbay.eu,CryptoLoot
happyjav.com,CryptoLoot
ikwilthepiratebay.org,CryptoLoot
indiapirate.com,CryptoLoot
indiaproxydl.org,CryptoLoot
ls-streaming.com,CryptoLoot
noobnoob.rocks,CryptoLoot
nulisbuku.com,CryptoLoot
pebx.pl,CryptoLoot
pietpiraat.org,CryptoLoot
pirata.pw,CryptoLoot
piratbaypirate.link,CryptoLoot
pirateahoy.net,CryptoLoot
piratebay.tel,CryptoLoot
piratebay.town,CryptoLoot
piratebay6.org,CryptoLoot
piratebays.be,CryptoLoot
piratebays.fi,CryptoLoot
piratepirate.in,CryptoLoot
piratepirate.net,CryptoLoot
piratepiratepirate.org,CryptoLoot
pirateproxy.click,CryptoLoot
pirateproxy.fi,CryptoLoot
pirateunblocker.com,CryptoLoot
pirateunblocker.me,CryptoLoot
proxyfl.info,CryptoLoot
proxyindia.net,CryptoLoot
proxyonetpb.pet,CryptoLoot
proxyproxyproxy.net,CryptoLoot
sn-video.com,CryptoLoot
streamtajm.com,CryptoLoot
thepirate.one,CryptoLoot
thepirate.xyz,CryptoLoot
thepiratebay.bet,CryptoLoot
thepiratebay.blue,CryptoLoot
thepiratebay.click,CryptoLoot
thepiratebay.kiwi,CryptoLoot
thepiratebay.org,CryptoLoot
thepiratebay.pet,CryptoLoot
thepiratebay.se.net,CryptoLoot
thepiratebay.tel,CryptoLoot
thepiratebayorg.org,CryptoLoot
thepiratebayproxy.in,CryptoLoot
thepirateproxy.in,CryptoLoot
thisjav.com,CryptoLoot
tpb.tw,CryptoLoot
tpbproxyone.org,CryptoLoot
uktpb.net,CryptoLoot
urbanproxy.eu,CryptoLoot
viratox.com,CryptoLoot
wearepirates.click,CryptoLoot
xaydung360.vn,CryptoLoot
rawofficethumbs.com,_hash_cn
omegleteengame.com,CashBeet
xeberdar.net,CashBeet
bepanah.net,CashBeet
biggboss12tv.com,CashBeet
sweetdoge.com,CashBeet
123movie.pl,_hash_cn
300mbfilms.org,_hash_cn
7torrents.pro,_hash_cn
7tors.com,_hash_cn
92148.com,_hash_cn
afo2.net,_hash_cn
basefiable.blogspot.com,_hash_cn
boruto-vostfr.com,_hash_cn
brabys.com,_hash_cn
cinecalidad.is,_hash_cn
cinecalidad.to,_hash_cn
cinecalidad.top,_hash_cn
cinemaindo.pro,_hash_cn
cinemaqualidade.to,_hash_cn
dengeki-plus.me,_hash_cn
dragonballsuper-vostfr.com,_hash_cn
elimu.co.ke,_hash_cn
embedbluray.blogspot.com,_hash_cn
gomovie123.me,_hash_cn
i.underground.click,_hash_cn
idope.ch,_hash_cn
idope.tv,_hash_cn
ilreporter.it,_hash_cn
images4adlt.pw,_hash_cn
images4full.pw,_hash_cn
img2018nice.pw,_hash_cn
img2018world.pw,_hash_cn
informationhospitaliere.com,_hash_cn
irc.lc,_hash_cn
jaimebienxmr.com,_hash_cn
jaimelapub.com,_hash_cn
jaimepaseth.com,_hash_cn
jeminepascher.com,_hash_cn
jeveuxunepub.com,_hash_cn
jockantv.com,_hash_cn
jolieprono-vip.blogspot.com,_hash_cn
justhodl.blogspot.com,_hash_cn
lazlokovaks.blogspot.com,_hash_cn
lepronos-en-or.blogspot.com,_hash_cn
lepronosticdegeny.blogspot.com,_hash_cn
meilleurduturf.com,_hash_cn
menchats.com,_hash_cn
milversite.club,_hash_cn
moncpuachaud.com,_hash_cn
mrugala.net,_hash_cn
myjob.uz,_hash_cn
network-ads.com,_hash_cn
okmagazine.ge,_hash_cn
owl-kontakte.com,_hash_cn
patcoprono.blogspot.com,_hash_cn
pencurimovie.info,_hash_cn
pichotgallery2018b.pw,_hash_cn
pichotgallery2018f.pw,_hash_cn
pichotgallery2018j.pw,_hash_cn
pichotgallery2018y.pw,_hash_cn
pichotgallery2018z.pw,_hash_cn
pros-hippique.blogspot.com,_hash_cn
pshntf.com,_hash_cn
pteexampreparation.com,_hash_cn
roadsexe.com,_hash_cn
romefiles.com,_hash_cn
shock.watch,_hash_cn
socklik.top,_hash_cn
streamxxi.com,_hash_cn
synthesegeny.blogspot.com,_hash_cn
telegraf.by,_hash_cn
tenies.net,_hash_cn
thedailyhaze.com,_hash_cn
transtv.co.id,_hash_cn
turfmagique.blogspot.com,_hash_cn
unepubdanslagueule.com,_hash_cn
unepubsvp.com,_hash_cn
vinbon.ru,_hash_cn
virtualporn360.com,_hash_cn
vivelespubs.com,_hash_cn
welovetennis.fr,_hash_cn
znet.hr,_hash_cn
prylive.com,CashBeet
bereg4u.ru,LightMiner
bibliosunduchok.blogspot.com,LightMiner
biovin.at.ua,LightMiner
bitcoinnews24.ru__,LightMiner
browsermine.com,LightMiner
fantastikmakosh.ru,LightMiner
freebonuses.kl.com.ua__?b15645,LightMiner
hascoding.com,LightMiner
historygel.blogspot.com,LightMiner
informatik.az,LightMiner
ivnat0209.blogspot.com,LightMiner
korycja50.blogspot.com,LightMiner
krasiviy-dom.org,LightMiner
lianoraswiss.org,LightMiner
lifeklyb.ru,LightMiner
lightminer.co,LightMiner
marganets.dp.ua,LightMiner
metoduchna-palitra.blogspot.com,LightMiner
natalyadivuha.blogspot.com,LightMiner
nocomments.info,LightMiner
profiforum.ru,LightMiner
rtz-2.ucoz.org,LightMiner
shmedu.at.ua,LightMiner
tamilasto.blogspot.com,LightMiner
top-dengi.ru__bonus.php?b15645,LightMiner
trapping2020.ru__?b15645,LightMiner
veselivska-cbs-ucoz.ru,LightMiner
watchliveall.com,LightMiner
x-inside.ru,LightMiner
zanimalnya.weebly.com,LightMiner
imedispsoni.ge,CashBeet
drohobych-rda.gov.ua,CashBeet
hay.tv,CashBeet
liderendeportes.com,_hash_cn
ultimasnoticias.com.ve,_hash_cn
18filmizle.net,DeepMiner
aslaquariums.com,DeepMiner
theartistlounge.net,DeepMiner
yapelis.xyz,DeepMiner
108clip.com,CoinHive
2go.com.ph,CoinHive
4shooter.com,CoinHive
alcaldiamunicipiosucre.gob.ve,CoinHive
alg17.com,CoinHive
allclip2.com,CoinHive
anboohsazan-isf.ir,CoinHive
andengine.org,CoinHive
arabxnx.com,CoinHive
areahentai51.blogspot.com,CoinHive
artistic-nude-images.com,CoinHive
asoonpool.mihanblog.com,CoinHive
auntay.com,CoinHive
bayimg.com,CoinHive
bestofama.com,CoinHive
bitcoin-generator-2019.com,CoinHive
brazzanews.fr,CoinHive
bulacan.gov.ph,CoinHive
bullshift.net,CoinHive
c-life.rzb.ir,CoinHive
clikerz.net,CoinHive
conschneider.de,CoinHive
cool-life.rzb.ir,CoinHive
cracked-stuff.blogspot.com,CoinHive
csstimes.pk,CoinHive
dariodomi.de,CoinHive
deepfakeshub.net,CoinHive
deeppatel25.blogspot.com,CoinHive
depedantipolo.com,CoinHive
desichords.com,CoinHive
dimondrotator.com,CoinHive
domainhostpk.com,CoinHive
doorbin.net,CoinHive
dorof.ir,CoinHive
downloads-free-movies.blogspot.com,CoinHive
dragonballmagyarszinkron.blogspot.com,CoinHive
droppdf.com,CoinHive
eluniversodelosencillo.com,CoinHive
emudendy.ru,CoinHive
emusega.ru,CoinHive
ency-education.net,CoinHive
erogifs.com,CoinHive
explorecatalog.com,CoinHive
eyoon.co,CoinHive
eztv.red,CoinHive
fans4fans.it,CoinHive
fechadecobro.com,CoinHive
filelar.com,CoinHive
firoozetrading.com,CoinHive
fluxustv.blogspot.com,CoinHive
fortalezagranate.com.ar,CoinHive
freedashclick.com,CoinHive
fricmartinez.org,CoinHive
garaanews.com,CoinHive
gceguide.xyz,CoinHive
ghlasa.com,CoinHive
h-game123.net,CoinHive
hamyargraphic.ir,CoinHive
hastidl95.rozblog.com,CoinHive
hodamarket.ir,CoinHive
i-daramad.ir,CoinHive
ibbbonusnik.ru,CoinHive
imagezon.com,CoinHive
imgtiger.com,CoinHive
imigrasi-go.id,CoinHive
insiders.com.ua,CoinHive
inutile-indispensable.com,CoinHive
jadoykalamat.ir,CoinHive
jagocoding.com,CoinHive
jak-zrobutu.pp.ua,CoinHive
japan-asian.com,CoinHive
jayce-o.blogspot.com,CoinHive
justproxy.co.uk,CoinHive
kairalimangalya.com,CoinHive
key-test.ru,CoinHive
knwe.org,CoinHive
kod-hd.com,CoinHive
konkor100.com,CoinHive
konkourasan.com,CoinHive
kpdata.gov.pk,CoinHive
lemonim.com,CoinHive
lightworker-tools.com,CoinHive
like.zone,CoinHive
lllfff.com,CoinHive
lmdfdg.com,CoinHive
madlifes.com,CoinHive
mahdikamali.ir,CoinHive
majidakhshabi.com,CoinHive
maniatis-hotels.gr,CoinHive
maunhacapbon.blogspot.com,CoinHive
meltingmots.com,CoinHive
memes.at,CoinHive
met.bz,CoinHive
mir-anti-vir.org,CoinHive
mispelisyseries.com,CoinHive
mixandremix.net,CoinHive
mizrah.ru,CoinHive
mm-interbet-tutorials.blogspot.com,CoinHive
mm-myanmar-mm.blogspot.com,CoinHive
mngwefal.com,CoinHive
moneyinvest.mihanblog.com,CoinHive
moviesmartpk.blogspot.com,CoinHive
mp3zon.com,CoinHive
mrlawyer.ir,CoinHive
mumbaimylove.com,CoinHive
musicbaran.net,CoinHive
muzhiki.net,CoinHive
myeldeals.com,CoinHive
myghetto.co.za,CoinHive
mzareuli.info,CoinHive
nahvekhoone.ir,CoinHive
narps.net,CoinHive
neats.gr,CoinHive
night-skin.com,CoinHive
nmhnk.xyz,CoinHive
nooriazbehesht.ir,CoinHive
novaskin.me,CoinHive
novelastubehd.com,CoinHive
oficinahacker.blogspot.com,CoinHive
onlineonlinetv.net,CoinHive
oxintelecom.net,CoinHive
pajoohe.net,CoinHive
patoqbook.ir,CoinHive
pelisenlatinoonline.com,CoinHive
pepeporn.com,CoinHive
pepitos.tv,CoinHive
pirateiro.com,CoinHive
playspal.com,CoinHive
pogahmedia.com,CoinHive
pointalert.com.mx,CoinHive
pokemongoinformer.com,CoinHive
pornfromcz.com,CoinHive
primeassteens.com,CoinHive
primegf.com,CoinHive
primejailbait.com,CoinHive
primejb.com,CoinHive
primejb.net,CoinHive
proxy.porn,CoinHive
publishyourarticles.net,CoinHive
pul-paru-kon.blogsky.com,CoinHive
punjabimovies.org,CoinHive
readingstudios.com,CoinHive
sabayacafe.com,CoinHive
samika.ir,CoinHive
sbcoaching.com.br,CoinHive
semeistvo.by,CoinHive
seriesfree.to,CoinHive
sgo.sk,CoinHive
sharing-is-caring.info,CoinHive
sharoffice.com,CoinHive
silviagalvez.blogspot.com,CoinHive
siska.tv,CoinHive
snapmunk.com,CoinHive
sofias-store.blogspot.com,CoinHive
songyy123.com,CoinHive
stevenuniver.se,CoinHive
streamaclic.fr,CoinHive
streesp.ac.th,CoinHive
summon-helper.net,CoinHive
synonymus.cz,CoinHive
szenebox.org,CoinHive
taiwanhearts.org,CoinHive
templateseoresponsive99.blogspot.com,CoinHive
theanglersforum.co.uk,CoinHive
thegreekz.com,CoinHive
theme-wordpress.ir,CoinHive
themelike.net,CoinHive
thepalmsmall.com,CoinHive
tips-free.com,CoinHive
togetherbreakfast.weebly.com,CoinHive
topanalyse.org,CoinHive
torrage.com,CoinHive
totallyfreepeoplesearch.org,CoinHive
tv-net.co,CoinHive
tvrex.net,CoinHive
tvsinpagar.com,CoinHive
ultimate-makemoney.blogspot.com,CoinHive
ultimateclixx.com,CoinHive
uobaghdad.edu.iq,CoinHive
update-your-pc.info,CoinHive
vashty.mihanblog.com,CoinHive
venerock.blogspot.com,CoinHive
venetub.com,CoinHive
versuri-si-creatii.ro,CoinHive
viclix.com,CoinHive
videoscript.io,CoinHive
vidics.to,CoinHive
viespar.ro,CoinHive
wallpoper.com,CoinHive
webideh.com,CoinHive
webmining.co,CoinHive
whatwouldyoudoif.se,CoinHive
whitetools.ir,CoinHive
wintellram.blogsky.com,CoinHive
xn--42cn1aug7dc0hrhc1gd.com,CoinHive
xn--cumpleaosdefamosos-t0b.com,CoinHive
xn--y6v848h.tw,CoinHive
yonjatv1.com,CoinHive
yonkis.to,CoinHive
youtubetomp3musicdownload.com,CoinHive
yu-build.rs,CoinHive
zahedi-ali.ir,CoinHive
zahtab.com,CoinHive
zirnevisha9.com,CoinHive
zonacaleta.com,CoinHive
awsubs.me,WebMine
jamsai.com,WebMine
lecicogne.net,WebMine
nahnoji.cz,WebMine
wastedamateurs.com,WebMine
www.pension-archa-mikulov.cz,WebMine
abpcomunidade.org.br,JSECoin
addfli.ml,JSECoin
agrupalinks.com,JSECoin
akkordam.ru,JSECoin
animedevourer.com,JSECoin
animespace.tv,JSECoin
barcaman.ru,JSECoin
bisabt.ir,JSECoin
bleachanimemanga.org,JSECoin
cemla.com,JSECoin
clix4btc.com,JSECoin
comment.net.ua,JSECoin
crisanimex.com,JSECoin
cryptotekah.com,JSECoin
desiseen.com,JSECoin
doge-coin.top,JSECoin
dopemakeup.com,JSECoin
dorama.site,JSECoin
dragonballmagyarszinkron.blogspot.com,JSECoin
dragonballzpolo.blogspot.com,JSECoin
dramaday.net,JSECoin
dramawall.com,JSECoin
ekinomaniak.tv,JSECoin
epiphanytek.com,JSECoin
festy.jp,JSECoin
filmclub.tv,JSECoin
findlips.ml,JSECoin
followerkadeh.com,JSECoin
gazetamapo.al,JSECoin
girotorrent.org,JSECoin
giulianocinquina.com,JSECoin
glaza.info,JSECoin
hamshahri.ir,JSECoin
indiscreto.org,JSECoin
ingenieriaparatodos.com,JSECoin
instytutnoble.pl,JSECoin
jackson.edu.gh,JSECoin
jockantv.com,JSECoin
jxfuli4.com,JSECoin
kinomax.com.ua,JSECoin
kourdmusic.com,JSECoin
la-autentica-mano-pluda-relatos.blogspot.com,JSECoin
mapo.al,JSECoin
mature-classic.com,JSECoin
medarabic.com,JSECoin
mkv-paste.com,JSECoin
mp3-gratis.eu,JSECoin
mrprogramer.com,JSECoin
newalbumreleases.net,JSECoin
nudesnaweb.blogspot.com,JSECoin
oipeirates.tv,JSECoin
on5.ir,JSECoin
onepiece.gen.tr,JSECoin
panoramagardenestate.com.au,JSECoin
payesh24.ir,JSECoin
pctnew.com,JSECoin
peliculashd.site,JSECoin
pelisencastellano.com,JSECoin
pelismart.com,JSECoin
pentagonus.ru,JSECoin
piratestreamz.com,JSECoin
portugaldownload.biz,JSECoin
puer.org.ua,JSECoin
rabid-rabbit.club,JSECoin
revdl.com,JSECoin
revdownload.com,JSECoin
samanbarez.ir,JSECoin
serieshdpormega.com,JSECoin
seriesmegahd720p.blogspot.com,JSECoin
soccersaints.com,JSECoin
softgarden.de,JSECoin
soledu.net,JSECoin
stardustvillage.it,JSECoin
stellafilm.it,JSECoin
streampocket.net,JSECoin
tcnslimited.com,JSECoin
tenies.net,JSECoin
theasianbox.com,JSECoin
tiocammoi.com,JSECoin
tips1.pw,JSECoin
titoseries.xyz,JSECoin
torrentrapid.com,JSECoin
trapkodeine.com,JSECoin
unlp.edu.ar,JSECoin
upload4you.org,JSECoin
uzbum.mobi,JSECoin
walking-dead.ru,JSECoin
yt2fb.in,JSECoin
zodynas.lt,JSECoin
zxn.ir,JSECoin
ankurrathi.com,_hash_cn
baywttgdhe.download,_hash_cn
djfhwosjck.bid,_hash_cn
nimmsie.com,_hash_cn
cizgiroman.com,CashBeet
a-zgsm.com,DeepMiner
audio-knigki.com,DeepMiner
force-man.ru,DeepMiner
gadgetsquad.id,DeepMiner
labzan.com,DeepMiner
makedonija.in,DeepMiner
megashare.pro,DeepMiner
moviessporn.com,DeepMiner
mx5nutz.com,DeepMiner
shdadeen.com,DeepMiner
stenllyremeselnik.sk,DeepMiner
wetholefans.com,DeepMiner
youthleaguesusa.com,DeepMiner
zhenskij-sajt.ru,DeepMiner
zwezdrusex.org,DeepMiner
equestrian.ru,CashBeet
omegleteenporn.com,CashBeet
babyjav.com,CryptoLoot
duckingproxy.eu,CryptoLoot
emojibase.com,CryptoLoot
gceguide.xyz,CryptoLoot
givemejav.com,CryptoLoot
happyjav.com,CryptoLoot
javstreaming.online,CryptoLoot
komsomolsk-na-amure.boostmasters.ru,CryptoLoot
lewterslounge.com,CryptoLoot
lexiadz.com,CryptoLoot
newsletter2go.com,CryptoLoot
phoenixuniversity.com,CryptoLoot
pirate.trade,CryptoLoot
piratebay247.net,CryptoLoot
pirateproxy.wf,CryptoLoot
pirateproxy.yt,CryptoLoot
redteenporn.com,CryptoLoot
seminarski-diplomski.co.rs,CryptoLoot
thepiratebay.blue,CryptoLoot
ukpirate.org,CryptoLoot
vr.de,CryptoLoot
wakatime.com,CryptoLoot
wargamevault.com,CryptoLoot
watchrecon.com,CryptoLoot
wearepirates.click,CryptoLoot
web-directory-sites.org,CryptoLoot
webmandesign.eu,CryptoLoot
webmasterworld.com,CryptoLoot
whatstrending.in,CryptoLoot
whenregistered.com,CryptoLoot
workingus.com,CryptoLoot
wortwuchs.net,CryptoLoot
www.olozmp3.co,CryptoLoot
xaydung360.vn,CryptoLoot
contextus.hu,Lyra
force-man.ru,Lyra
gadgetsquad.id,Lyra
hdfilms.zone,Lyra
karvira.com,Lyra
labzan.com,Lyra
languedoc-roussillon-cinema.fr,Lyra
lastpornvideos.com,Lyra
makedonija.in,Lyra
melodysoft.com,Lyra
moviessporn.com,Lyra
mx5nutz.com,Lyra
photo-nyu.ru,Lyra
sexoparalelo.com,Lyra
stenllyremeselnik.sk,Lyra
titki.net,Lyra
torrentclub.su,Lyra
vistaprintdeals.com,Lyra
vsezagadki.ru,Lyra
wetholefans.com,Lyra
aljazair1.com,cloud-miner.eu
lines-98.ru,cloud-miner.eu
referatu.net.ua,cloud-miner.eu
replaytvstreaming.com,cloud-miner.eu
alumni.tsu.ru,Lyra
dragonfyresoftware.com,Lyra
edvberatung-kern.de,Lyra
karasuk.boostmasters.ru,Lyra
serpukhov.boostmasters.ru,Lyra
tenispain.com,Lyra
azoren-online.com,OMine
prensaescrita.com,OMine
swiggy.com,OMine
www.informationhospitaliere.com__,OMine
3-weekdiet.info,_hash_cn
gamblercity.bid,_hash_cn
geekyalgeria.com,_hash_cn
hotelsevillanoacapulco.com,_hash_cn
kcml.hol.es,_hash_cn
kickass.cd,_hash_cn
newmoviefreehd.com,_hash_cn
ogseries.tv,_hash_cn
onbir.az,_hash_cn
theinformer.life,_hash_cn
wow-dota.ru,_hash_cn
www.anmaxjp.com,_hash_cn
www.avbye.com,_hash_cn
www.comercialivaipora.com.br,_hash_cn
www.convertidor-youtube.com,_hash_cn
www.tccl.co.in,_hash_cn
www.uonmsr.net,_hash_cn
xn-----vlcbbirqlhw.xn--p1ai,_hash_cn
nimmsie.com,cloud-miner.eu
pornoreportages.com,cloud-miner.eu
www.nimmsie.com,cloud-miner.eu
www.pornoreportages.com,cloud-miner.eu
247prox.link,OMine
dspstgmu.ru__,OMine
eromanga-collector.com,OMine
interesu.info,OMine
sonorousporn.com,OMine
unblocktheship.org,OMine
